"id","experiment_id"
"3aaf789e-fe03-471c-8fd7-8052f4902dab","2c8fdebd-2c75-48e9-96ba-90461a3176f1"
"cb91cbae-1cbe-4a68-af7b-50c853b218ca","2c8fdebd-2c75-48e9-96ba-90461a3176f1"
"e4cb8826-9ea3-49f2-bd82-eeb90f9896b2","2c8fdebd-2c75-48e9-96ba-90461a3176f1"
"d6157857-8772-4983-aeb0-5989caf45d03","2c8fdebd-2c75-48e9-96ba-90461a3176f1"
"2b759f3a-9543-4f8a-884b-9cedddda5923","2c8fdebd-2c75-48e9-96ba-90461a3176f1"
"6d8b65fa-d3f8-4719-8bed-ccca6c3325aa","2c8fdebd-2c75-48e9-96ba-90461a3176f1"
"69686422-86cf-42cb-96d3-71f36ac62d68","2c8fdebd-2c75-48e9-96ba-90461a3176f1"
"8b44614b-2de6-4532-bf6b-dc91a2b1c904","2c8fdebd-2c75-48e9-96ba-90461a3176f1"
"74299292-538c-4e52-a68b-d7fcd40c6a1b","2c8fdebd-2c75-48e9-96ba-90461a3176f1"
"ebc9cf1a-5765-4629-bf45-dfaf7b6bde0e","2c8fdebd-2c75-48e9-96ba-90461a3176f1"
"f7040b24-b8d2-4a82-bd23-356f4a5696e5","2c8fdebd-2c75-48e9-96ba-90461a3176f1"
"88a1a765-648a-42ee-b6a8-d259690024fb","2c8fdebd-2c75-48e9-96ba-90461a3176f1"
"21d51663-7397-4566-84bf-04a6e0163a2f","2c8fdebd-2c75-48e9-96ba-90461a3176f1"
"2029fa83-6131-4cd5-bf41-47f58e69fb36","2c8fdebd-2c75-48e9-96ba-90461a3176f1"
"f666047c-3374-416e-9d36-1fac59fa511c","2c8fdebd-2c75-48e9-96ba-90461a3176f1"
"b02e64aa-4c9f-4b40-9d91-d91cadcc8234","2c8fdebd-2c75-48e9-96ba-90461a3176f1"
"bb16f388-53e4-4ece-8968-0bf4211b6689","2c8fdebd-2c75-48e9-96ba-90461a3176f1"
"2cc5175d-51d6-46f7-b795-a625a313e700","2c8fdebd-2c75-48e9-96ba-90461a3176f1"
"e637faac-4561-4186-813c-562ae1932684","2c8fdebd-2c75-48e9-96ba-90461a3176f1"
"be6e3406-14e8-4608-9376-2c0c5f5ddf8c","2c8fdebd-2c75-48e9-96ba-90461a3176f1"
